"V1","V2","V3","V4","V5","V6","V7","V8","V9","V10","V11","V12","V13","V14","V15","V16","V17","V18","V19","V20","V21","V22","V23","V24","V25","V26","V27","V28","V29","V30","V31","V32","V33","V34","V35","V36","V37","V38","V39","V40","V41","V42","V43","V44","V45","V46","V47","V48","V49","V50","V51","V52","V53","V54","V55","V56","V57","V58","V59","V60","V61","V62","V63","V64","V65","V66","V67","V68","V69","V70","V71","V72","V73","V74","V75","V76","V77","V78","V79","V80","V81","V82","V83","V84","V85","V86","V87","V88","V89","V90","V91","V92","V93","V94","V95","V96","V97","V98","V99","V100"
2,5,1,13,7,5,4,18,3,21,7,12,24,3,7,14,15,23,1,17,2,11,5,18,7,10,9,11,23,24,5,11,10,10,20,10,9,12,11,8,13,23,14,24,23,10,15,20,16,19,2,5,5,11,5,16,15,19,24,1,18,17,1,25,18,11,18,11,24,13,2,25,15,12,10,2,5,12,22,1,2,1,10,15,17,22,13,12,7,18,23,8,20,23,23,11,4,20,21,20
10,6,8,2,10,23,10,17,23,17,10,21,7,14,15,14,20,11,12,23,1,7,2,4,4,8,23,6,12,4,21,4,24,22,13,4,7,18,19,23,3,7,23,5,17,1,17,17,4,11,4,10,5,8,11,20,10,25,23,2,16,18,18,3,22,19,7,24,8,20,21,16,4,3,15,16,8,14,22,10,7,23,5,6,17,20,14,17,20,3,19,19,19,9,16,23,11,14,18,12
22,16,20,11,24,14,1,1,3,12,17,2,18,8,5,6,1,22,18,21,9,19,1,10,24,12,25,21,19,20,4,8,12,18,13,9,18,3,16,23,22,5,6,14,8,15,6,12,9,22,1,11,19,17,24,4,21,6,25,11,17,2,7,22,24,6,17,11,16,9,8,23,25,8,10,15,18,25,10,2,13,3,11,25,21,9,8,13,18,23,15,4,7,20,12,5,16,9,10,12
12,24,25,13,22,14,5,2,16,3,18,18,17,6,14,18,5,1,21,6,23,23,20,15,8,10,15,10,17,23,23,20,8,17,3,25,12,1,15,24,13,8,1,1,19,14,13,24,5,1,21,19,12,4,13,4,16,6,14,25,6,11,7,23,21,24,15,24,15,21,1,17,9,23,24,10,6,13,5,3,8,14,9,3,8,9,7,16,8,16,24,12,7,12,21,24,7,20,19,2
20,21,16,14,23,6,21,17,2,25,8,12,20,4,22,2,11,22,14,10,7,3,4,23,21,7,22,25,8,10,3,11,16,9,23,20,24,12,11,21,14,15,16,1,18,7,1,12,16,9,10,16,7,12,20,1,1,8,12,17,6,5,4,11,13,12,5,17,18,12,1,11,5,13,8,21,8,6,12,13,25,10,12,21,5,21,3,1,9,11,2,11,7,10,22,22,8,22,18,6
14,23,24,6,11,1,25,2,15,18,19,15,9,23,15,24,15,24,8,13,13,6,11,22,5,7,16,18,15,5,15,18,7,3,20,5,23,17,6,18,4,14,8,5,19,2,6,19,11,9,24,15,14,15,4,25,6,4,17,14,4,17,5,3,12,13,5,23,17,14,15,2,14,16,8,24,11,23,4,7,21,20,5,10,12,17,13,21,6,5,10,24,5,3,22,1,5,4,16,10
17,11,22,25,1,10,8,13,23,15,10,19,21,10,15,8,20,19,24,6,20,7,5,8,24,6,8,3,14,2,10,22,7,5,5,9,6,1,5,19,25,16,5,3,5,10,8,25,16,23,21,7,17,24,4,17,15,22,8,18,21,14,11,8,19,6,13,2,25,25,24,14,17,2,2,3,11,7,3,13,21,23,24,5,20,9,25,23,11,12,21,11,10,9,3,22,14,7,15,10
14,4,11,8,25,17,23,24,3,22,23,21,11,16,16,11,2,18,23,9,14,4,22,1,6,17,9,3,14,18,7,14,1,21,24,19,7,4,2,9,21,1,10,4,14,21,10,13,25,24,6,16,2,14,11,21,22,17,1,14,5,3,10,17,12,10,8,10,16,7,18,25,2,13,14,2,22,21,7,22,22,15,4,25,20,10,14,6,16,3,20,10,16,11,7,2,14,19,15,7
22,12,16,12,19,17,25,17,9,3,11,6,12,24,19,21,16,16,5,8,16,10,4,24,4,20,21,2,17,12,7,3,25,25,13,3,16,19,22,19,16,23,9,3,12,15,2,12,9,17,25,18,17,19,21,4,8,20,22,20,14,10,11,25,21,8,19,22,5,9,24,25,19,13,18,11,6,25,11,15,17,7,2,6,5,24,13,17,10,6,6,19,22,7,10,4,20,8,3,11
3,14,20,4,10,21,21,3,7,19,17,16,8,16,8,25,23,3,17,1,7,17,19,11,3,1,23,8,1,13,2,23,24,16,23,2,16,13,17,14,9,14,5,14,24,19,21,6,19,10,3,24,11,11,20,17,1,6,2,8,10,13,1,22,20,10,1,4,23,25,3,17,5,21,11,8,4,21,22,6,12,23,1,1,24,5,25,6,5,4,23,7,21,17,3,6,7,6,6,17
8,19,8,13,21,7,13,18,9,25,12,15,18,20,5,7,19,1,25,16,4,16,3,5,11,5,16,13,18,11,18,3,11,20,12,23,2,18,5,19,16,23,14,18,1,18,18,3,15,8,12,19,14,17,6,7,6,7,5,24,8,25,10,13,4,6,4,6,3,23,16,22,24,6,2,16,15,4,15,15,13,22,19,3,25,11,21,4,24,23,5,21,21,4,21,5,9,2,16,8
14,25,3,14,22,21,18,2,4,18,2,19,5,10,7,19,10,2,25,22,13,8,1,11,10,10,9,8,18,19,18,14,3,3,8,12,2,15,19,5,9,21,19,10,16,14,5,12,11,18,1,4,8,6,10,25,17,7,13,5,22,19,25,15,23,19,24,10,6,4,4,13,11,19,19,9,17,10,2,2,16,25,16,8,18,16,13,10,20,21,18,17,15,9,20,19,20,18,23,21
19,7,4,21,13,9,10,5,2,17,19,3,18,25,20,23,19,2,11,2,12,21,7,15,23,13,2,2,20,6,3,7,24,3,6,15,14,13,15,13,5,17,1,12,18,22,3,12,17,24,25,19,1,12,20,5,22,11,19,9,10,2,23,12,16,23,18,19,24,19,7,22,1,11,16,25,8,16,9,17,10,16,11,2,8,14,14,15,9,10,9,14,14,15,19,12,21,22,22,5
15,22,20,16,11,20,6,12,22,6,13,14,6,6,16,8,17,8,23,8,25,3,5,15,5,10,24,6,10,18,8,23,22,22,24,17,21,14,19,16,22,7,16,16,20,18,6,11,9,6,12,3,2,19,17,9,6,21,20,10,23,17,21,9,17,17,4,6,25,9,2,25,7,12,2,15,25,23,13,3,5,12,7,14,19,25,18,23,3,20,11,21,25,1,4,1,12,7,12,15
24,9,12,23,11,6,7,25,12,10,13,1,10,19,16,10,7,20,4,14,13,12,23,25,24,2,9,23,10,10,14,15,17,13,16,3,23,23,3,7,22,7,6,3,7,19,22,19,25,25,13,2,10,21,11,6,5,1,24,17,14,9,12,19,12,22,8,9,19,2,14,23,15,11,25,13,22,16,11,25,15,20,24,19,3,14,20,2,2,9,1,11,1,21,8,10,11,3,15,17
17,7,22,1,25,18,9,13,9,8,19,24,9,4,9,5,6,14,13,12,20,21,9,24,25,15,11,17,21,9,9,23,20,4,11,7,25,18,22,8,14,13,20,12,5,3,11,11,15,18,18,13,2,17,8,9,9,19,22,20,15,19,7,19,2,21,24,24,11,24,4,9,5,1,9,23,11,3,23,18,6,9,5,1,5,13,20,7,3,15,7,2,5,11,20,4,17,3,20,15
23,2,17,8,20,17,16,10,11,10,22,1,11,9,11,17,12,25,8,8,10,14,25,10,11,23,24,14,9,3,15,23,3,15,23,13,7,12,25,16,12,15,8,5,10,11,9,4,12,7,1,4,6,6,21,3,10,8,9,7,19,18,5,6,5,2,21,16,11,17,17,15,23,25,23,18,22,19,8,10,21,3,2,23,8,15,11,18,1,10,14,13,12,1,17,10,2,13,1,13
11,16,10,8,7,5,17,6,7,13,10,16,23,25,11,23,4,13,15,9,9,5,24,15,10,15,11,7,19,22,17,24,14,23,12,14,6,18,15,15,22,12,25,13,4,20,22,22,19,7,24,20,13,5,5,9,3,17,16,22,1,9,18,13,19,23,22,13,12,12,19,3,11,8,5,15,18,19,8,12,17,19,9,3,12,14,8,9,8,18,8,25,20,23,15,15,8,8,12,17
7,13,20,10,25,25,21,10,13,20,16,11,6,4,19,6,21,7,4,8,12,14,17,15,15,8,4,13,23,19,7,8,5,25,16,2,4,7,3,20,24,14,14,8,8,25,20,11,20,12,9,22,12,17,19,17,9,14,21,12,2,22,8,9,13,19,23,9,1,14,23,24,16,25,6,12,25,7,6,8,5,13,21,5,5,7,15,1,3,11,3,23,7,5,25,4,23,9,20,17
15,19,11,25,23,20,13,10,5,6,5,4,12,15,10,8,23,8,13,25,8,6,21,20,19,3,7,8,23,8,8,1,23,19,15,9,3,4,2,3,14,19,14,17,17,5,15,2,7,9,2,6,3,24,11,3,21,24,1,11,15,14,15,11,7,19,25,7,8,10,8,6,25,1,18,21,14,21,5,8,11,8,15,24,23,10,8,11,6,18,17,20,1,17,9,8,5,25,10,21
23,24,25,8,20,3,21,6,11,20,4,24,19,20,23,20,19,3,3,9,7,9,5,12,10,2,24,6,18,13,1,5,18,13,1,15,14,4,5,23,13,19,25,5,5,14,18,7,11,16,3,3,8,16,1,6,23,7,17,18,10,15,7,25,24,20,23,19,7,7,19,10,10,24,17,9,12,6,9,9,16,25,6,13,25,9,15,8,8,2,13,4,9,8,13,22,21,12,6,4
6,20,23,18,24,25,8,16,1,20,18,12,24,22,2,6,2,22,7,20,25,1,24,9,13,6,18,11,18,1,9,25,24,12,22,21,19,24,5,24,20,25,8,19,7,18,7,6,15,3,22,25,1,9,2,18,18,3,18,12,5,6,14,14,5,13,4,24,15,16,7,12,2,8,12,3,8,15,9,4,12,17,6,9,15,13,1,18,15,21,16,3,15,17,21,14,20,19,19,22
14,15,8,21,25,14,21,16,19,9,1,13,23,21,25,15,24,16,1,1,15,20,12,25,24,14,11,10,12,2,3,17,8,22,12,1,14,25,7,17,15,17,11,6,22,9,9,7,9,3,1,21,14,11,12,17,22,1,10,7,5,8,10,19,7,1,18,10,5,2,12,15,6,12,15,13,3,2,5,20,11,4,23,17,24,14,21,14,17,5,1,10,22,4,11,8,6,2,8,2
7,7,14,9,9,1,7,3,12,16,16,10,4,17,6,17,4,22,6,3,19,14,2,4,3,15,22,17,12,11,25,6,20,21,10,10,16,3,2,7,8,9,23,2,12,1,14,4,14,21,23,21,11,5,14,13,23,24,9,3,23,20,24,21,16,6,14,18,3,10,2,9,12,8,2,9,10,14,16,15,24,10,4,15,10,16,18,8,20,5,5,20,23,23,14,10,23,12,24,12
10,4,21,7,9,2,20,4,2,8,17,10,24,24,20,3,22,24,13,8,17,19,22,3,18,19,1,7,21,16,2,25,24,25,22,9,10,25,16,25,13,13,20,17,13,7,11,23,24,14,18,8,22,14,3,12,25,15,11,14,17,2,16,23,12,5,12,24,7,19,18,25,19,16,14,16,19,4,10,17,8,17,22,14,22,5,9,8,19,20,17,1,23,19,5,6,3,7,22,9
